entryEpoch,direction,zoneType,breakType,sweep,entryPrice,sl,exit,exitPrice,hit1,hit2,hit3,r
1784609100,BUY,Broken level,CHOCH,false,13648.1090,13623.8369,SL,13623.8210,false,false,false,-1.001
1784610180,BUY,Broken level,BOS,false,13662.9300,13640.9221,SL,13630.2370,true,true,false,-1.486
1784612220,BUY,Broken level,BOS,false,13707.7200,13688.5423,SL,13686.5920,true,false,false,-1.102
1784614740,BUY,Broken level,CHOCH,true,13736.8130,13708.5256,SL,13704.0140,false,false,false,-1.159
1784615760,BUY,Broken level,BOS,false,13753.3200,13724.1127,SL,13723.6140,false,false,false,-1.017
1784616180,BUY,Broken level,BOS,true,13780.8630,13756.1712,SL,13752.0380,true,true,false,-1.167
1784618760,BUY,Broken level,BOS,false,13838.8840,13814.1783,SL,13813.1010,false,false,false,-1.044
1784619420,BUY,Trendline,BOS,false,13840.7710,13818.8821,TP3,13909.1680,true,true,true,3.125
1784622900,BUY,Broken level,CHOCH,false,13916.1070,13887.4024,TP3,14006.1300,true,true,true,3.136
1784628720,BUY,Broken level,CHOCH,false,13831.5150,13803.1472,TP3,13924.7020,true,true,true,3.285
1784632980,BUY,Broken level,CHOCH,false,14015.5770,13984.6346,TP3,14117.3480,true,true,true,3.289
1784634960,BUY,Broken level,BOS,false,14154.0120,14124.0645,SL,14117.5980,true,true,false,-1.216
1784640240,BUY,Broken level,CHOCH,false,14202.0090,14177.6336,SL,14139.9320,true,false,false,-2.547
1784643660,BUY,Broken level,CHOCH,false,14110.2780,14085.5844,SL,14075.2440,false,false,false,-1.419
1784645940,BUY,Trendline,CHOCH,true,14121.3020,14100.3619,SL,14099.2190,true,false,false,-1.055
1784647260,BUY,Trendline,BOS,false,14131.7400,14107.0225,SL,14081.8140,false,false,false,-2.020
1784647980,BUY,Broken level,CHOCH,true,14159.0010,14132.9829,TP3,14240.1000,true,true,true,3.117
1784649300,BUY,Broken level,BOS,false,14271.4610,14242.2485,SL,14238.5080,false,false,false,-1.128
1784650560,BUY,Broken level,BOS,false,14261.8860,14238.2285,SL,14232.0750,false,false,false,-1.260
1784652660,BUY,Broken level,CHOCH,false,14267.7890,14241.2424,TP3,14350.2500,true,true,true,3.106
1784654580,BUY,Broken level,BOS,false,14413.4740,14387.7933,TP3,14524.6510,true,true,true,4.329
1784657160,BUY,Broken level,CHOCH,true,14544.8380,14512.5870,SL,14498.9640,false,false,false,-1.422
1784658240,BUY,Broken level,BOS,false,14568.2880,14544.1209,SL,14538.4370,false,false,false,-1.235
1784659200,BUY,Broken level,BOS,false,14589.1410,14563.1729,SL,14544.3530,true,false,false,-1.725
1784660880,BUY,Broken level,CHOCH,false,14582.4770,14560.0278,TP3,14660.4920,true,true,true,3.475
1784808060,SELL,Broken level,CHOCH,false,14447.6950,14475.2978,SL,14489.8530,false,false,false,-1.527
1784808660,SELL,Broken level,BOS,false,14447.4620,14476.1516,TP3,14326.7470,true,true,true,4.208
1784810580,SELL,Broken level,BOS,false,14274.6090,14300.8775,TP3,14190.7230,true,true,true,3.193
1784813400,SELL,Broken level,BOS,false,14175.5450,14199.0849,SL,14217.3720,false,false,false,-1.777
1784815560,SELL,Broken level,CHOCH,false,14259.1730,14284.3229,SL,14294.4200,false,false,false,-1.401
1784816280,SELL,Broken level,BOS,true,14232.0630,14261.1405,SL,14273.6520,false,false,false,-1.430
1784816760,SELL,Broken level,BOS,false,14223.9900,14254.1020,SL,14255.8090,true,false,false,-1.057
1784819400,SELL,Trendline,CHOCH,false,14261.6480,14285.0167,SL,14287.6280,true,false,false,-1.112
1784824020,SELL,Broken level,CHOCH,false,14475.0530,14501.6353,SL,14515.8900,false,false,false,-1.536
1784826180,SELL,Broken level,CHOCH,false,14599.6960,14629.7249,SL,14642.0590,true,true,false,-1.411
1784832600,SELL,Broken level,CHOCH,true,14691.6940,14715.0458,SL,14715.1450,false,false,false,-1.004
1784835840,BUY,Broken level,CHOCH,false,14804.6100,14780.3609,SL,14776.4730,true,false,false,-1.160
1784836620,BUY,Broken level,BOS,false,14847.8850,14819.8732,SL,14803.6850,true,true,false,-1.578
1784840760,BUY,Trendline,CHOCH,false,14734.3920,14708.9233,SL,14708.4330,true,true,false,-1.019
1784843340,BUY,Broken level,CHOCH,false,14785.5890,14757.0281,SL,14738.0350,false,false,false,-1.665
1784845260,BUY,Broken level,CHOCH,false,14793.0870,14766.7415,SL,14756.8110,false,false,false,-1.377
1784848200,BUY,Broken level,CHOCH,false,14677.6860,14651.5858,TP3,14757.1740,true,true,true,3.045
1784851200,BUY,Broken level,CHOCH,true,14820.3830,14794.7596,TP3,14904.0320,true,true,true,3.265
1784854800,BUY,Trendline,BOS,false,15195.8140,15166.2179,TP3,15287.7580,true,true,true,3.107
1784857320,BUY,Broken level,BOS,false,15530.0800,15506.0656,SL,15503.6660,true,false,false,-1.100
1784860860,BUY,Broken level,CHOCH,false,15487.5650,15461.2892,SL,15454.8240,false,false,false,-1.246
1784862180,BUY,Broken level,BOS,false,15516.0690,15489.5656,SL,15482.5020,true,false,false,-1.267
1784863440,BUY,Broken level,CHOCH,false,15590.9180,15562.0484,TP3,15681.7370,true,true,true,3.146
1784869620,BUY,Broken level,CHOCH,true,15657.6550,15630.6026,SL,15618.4920,true,true,false,-1.448
1784875200,BUY,Broken level,CHOCH,false,15547.7770,15521.1134,SL,15483.8250,false,false,false,-2.398
1784876400,BUY,Broken level,CHOCH,false,15531.5290,15504.0216,SL,15501.3070,false,false,false,-1.099
1784881500,BUY,Broken level,CHOCH,false,15500.0080,15473.0731,SL,15471.0490,false,false,false,-1.075
1784882220,BUY,Broken level,BOS,false,15531.1940,15503.6886,SL,15488.8870,false,false,false,-1.538
1784885940,BUY,Broken level,CHOCH,false,15505.3660,15479.5528,SL,15475.5710,true,true,false,-1.154
1784888340,BUY,Broken level,BOS,false,15556.9170,15528.0795,SL,15516.5460,false,false,false,-1.400
1784891820,BUY,Broken level,CHOCH,false,15555.3330,15528.3057,SL,15519.8730,false,false,false,-1.312
1784893020,BUY,Broken level,BOS,false,15538.6810,15508.3851,SL,15506.4030,false,false,false,-1.065
1784894040,BUY,Broken level,CHOCH,false,15572.0480,15541.2084,SL,15540.8080,false,false,false,-1.013
1784895420,BUY,Trendline,BOS,true,15564.5720,15536.7519,TP3,15657.9260,true,true,true,3.356
1784898840,BUY,Broken level,BOS,false,15722.5090,15694.6186,TP3,15813.9290,true,true,true,3.278
1784905080,BUY,Broken level,CHOCH,false,15574.0760,15543.9132,TP3,15697.8590,true,true,true,4.104
1784916420,BUY,Broken level,CHOCH,true,15524.0450,15497.0105,SL,15496.2020,false,false,false,-1.030
1784919240,BUY,Trendline,BOS,false,15690.3840,15658.3031,SL,15637.9890,true,false,false,-1.633
1784923080,BUY,Broken level,CHOCH,false,15684.9110,15659.8898,SL,15657.2530,false,false,false,-1.105
1784924280,BUY,Broken level,CHOCH,true,15700.1140,15670.3881,SL,15668.3610,false,false,false,-1.068
1784930340,BUY,Broken level,CHOCH,false,15475.3040,15446.5357,SL,15443.0400,false,false,false,-1.122
1784931480,SELL,Broken level,CHOCH,false,15427.9600,15452.2971,TP3,15310.5740,true,true,true,4.823
1784935920,SELL,Broken level,BOS,false,15168.8430,15201.4712,SL,15207.5370,true,true,false,-1.186
1784940540,SELL,Broken level,CHOCH,false,15223.4000,15250.5652,SL,15264.4860,false,false,false,-1.512
1784948160,SELL,Broken level,CHOCH,true,15710.6800,15741.8388,TP3,15604.7630,true,true,true,3.399
1784950140,SELL,Broken level,CHOCH,false,15480.8620,15503.4404,TP3,15399.7270,true,true,true,3.593
1784951940,SELL,Broken level,BOS,false,15389.3710,15418.8271,SL,15425.0120,false,false,false,-1.210
1784953140,SELL,Broken level,BOS,false,15331.6960,15358.2731,TP3,15244.4830,true,true,true,3.282
1784957580,SELL,Broken level,CHOCH,true,15230.0700,15259.6081,SL,15261.5100,true,false,false,-1.064
1784961780,SELL,Broken level,CHOCH,false,15297.9090,15323.4744,SL,15329.2810,false,false,false,-1.227
1784963760,SELL,Trendline,BOS,false,15286.1350,15316.1893,TP3,15184.5310,true,true,true,3.381
1784967120,SELL,Broken level,CHOCH,false,15249.6620,15273.0528,SL,15284.0850,false,false,false,-1.472
1784970420,SELL,Broken level,CHOCH,false,15322.6060,15347.0789,TP3,15244.9890,true,true,true,3.172
1784974140,SELL,Broken level,BOS,false,14773.0060,14804.8377,SL,14811.4190,true,true,false,-1.207
1784977440,SELL,Broken level,CHOCH,false,14926.8040,14955.6035,SL,14962.8160,false,false,false,-1.250
1784988180,SELL,Broken level,CHOCH,false,15381.2770,15410.4140,SL,15418.4700,true,false,false,-1.276
1784996640,SELL,Broken level,CHOCH,false,15565.4930,15591.8589,SL,15593.5060,false,false,false,-1.062
1784997840,SELL,Broken level,BOS,false,15530.7350,15557.3546,TP3,15443.4070,true,true,true,3.281
1785000480,SELL,Broken level,BOS,false,15177.0560,15205.1244,SL,15211.3690,false,false,false,-1.222
1785004800,SELL,Broken level,CHOCH,false,15183.6870,15212.1936,SL,15219.8870,false,false,false,-1.270
1785006240,SELL,Broken level,BOS,false,15135.7740,15163.8083,SL,15164.1930,false,false,false,-1.014
1785007200,SELL,Broken level,BOS,false,15082.9850,15109.1954,SL,15129.1810,true,true,false,-1.763
1785015840,SELL,Broken level,CHOCH,false,15496.7840,15520.8624,SL,15520.8950,true,false,false,-1.001
1785019800,SELL,Broken level,CHOCH,false,15556.4880,15583.5294,SL,15586.4580,true,false,false,-1.108
1785020460,SELL,Broken level,BOS,false,15518.8960,15546.8133,TP3,15431.8380,true,true,true,3.118
1785025920,SELL,Broken level,CHOCH,false,15625.3040,15651.5846,TP3,15532.7330,true,true,true,3.522
1785029880,SELL,Broken level,CHOCH,true,15519.9220,15550.3681,SL,15567.2570,false,false,false,-1.555
1785033600,SELL,Broken level,CHOCH,false,15678.6910,15706.7867,SL,15713.9030,false,false,false,-1.253
1785036060,BUY,Broken level,CHOCH,false,15686.9900,15658.6847,SL,15656.0660,false,false,false,-1.093
1785038220,BUY,Broken level,CHOCH,true,15680.3610,15650.5329,SL,15643.6460,true,false,false,-1.231
1785040200,BUY,Broken level,CHOCH,false,15620.3900,15588.5438,SL,15581.9290,true,false,false,-1.208
1785046020,BUY,Broken level,CHOCH,false,15426.0840,15398.3003,SL,15396.0770,true,true,false,-1.080
1785049440,BUY,Broken level,CHOCH,false,15334.9910,15307.6512,SL,15304.2810,false,false,false,-1.123
1785051120,BUY,Broken level,CHOCH,false,15349.6070,15317.6243,SL,15296.5490,false,false,false,-1.659
1785052200,BUY,Broken level,BOS,false,15383.4030,15354.0400,TP3,15474.9510,true,true,true,3.118
1785054960,BUY,Broken level,CHOCH,false,15478.4070,15455.8662,SL,15450.8320,true,false,false,-1.223
1785058920,BUY,Broken level,CHOCH,false,15387.1380,15360.1549,SL,15345.2450,true,true,false,-1.553
1785065400,BUY,Broken level,CHOCH,true,15293.7050,15265.9002,TP3,15383.5890,true,true,true,3.233
1785069240,BUY,Broken level,CHOCH,false,15346.5300,15319.8546,SL,15273.4620,false,false,false,-2.739
1785071520,BUY,Broken level,CHOCH,false,15243.2440,15210.8726,TP3,15346.2740,true,true,true,3.183
1785074280,BUY,Broken level,BOS,false,15468.0210,15438.3166,SL,15418.4710,false,false,false,-1.668
1785075720,BUY,Broken level,CHOCH,false,15358.8760,15329.5456,TP3,15458.3190,true,true,true,3.390
1785076620,BUY,Broken level,BOS,false,15512.7760,15482.2546,SL,15480.4340,false,false,false,-1.060
1785081180,BUY,Broken level,CHOCH,true,15458.5320,15427.7706,SL,15413.6550,false,false,false,-1.459
1785082380,BUY,Broken level,BOS,false,15487.3530,15462.7506,SL,15450.6780,false,false,false,-1.491
1785086220,BUY,Broken level,CHOCH,false,15452.9520,15425.8825,SL,15416.9180,false,false,false,-1.331
1785092520,BUY,Broken level,CHOCH,false,15094.6660,15068.6072,SL,15062.4640,false,false,false,-1.236
1785093660,BUY,Broken level,BOS,false,15200.3300,15168.4022,SL,15167.6550,false,false,false,-1.023
1785094620,BUY,Trendline,BOS,false,15224.6070,15200.4764,TP3,15310.5180,true,true,true,3.560
1785095520,BUY,Trendline,BOS,false,15319.8020,15290.3933,SL,15284.8750,true,false,false,-1.188
1785104040,BUY,Broken level,CHOCH,false,15167.5750,15138.9323,SL,15138.4490,false,false,false,-1.017
1785105900,BUY,Broken level,BOS,false,15221.0150,15196.4481,SL,15178.7330,false,false,false,-1.721
1785107340,BUY,Broken level,BOS,true,15244.5760,15216.9502,TP3,15342.4630,true,true,true,3.543
1785109740,BUY,Broken level,BOS,false,15415.2190,15387.4573,TP3,15498.5680,true,true,true,3.002
1785113640,BUY,Broken level,CHOCH,false,15461.5310,15429.8922,SL,15425.5060,true,true,false,-1.139
1785117240,BUY,Broken level,CHOCH,false,15482.6120,15455.1607,TP3,15566.7030,true,true,true,3.063
1785119640,BUY,Broken level,CHOCH,false,15619.4190,15589.8064,SL,15580.1700,false,false,false,-1.325
1785122940,BUY,Broken level,CHOCH,false,15570.0220,15542.1894,SL,15536.8370,false,false,false,-1.192
1785125880,BUY,Trendline,CHOCH,false,15491.6430,15460.4056,TP3,15603.8440,true,true,true,3.592
1785128880,BUY,Broken level,CHOCH,false,15625.8030,15596.7695,SL,15581.6890,true,false,false,-1.519
1785129660,BUY,Broken level,BOS,false,15681.0670,15651.3360,TP3,15793.6980,true,true,true,3.788
1785132300,BUY,Broken level,BOS,false,15803.7780,15768.9376,SL,15749.1330,false,false,false,-1.568
1785134940,BUY,Broken level,CHOCH,true,15843.7410,15814.0112,TP3,15948.4440,true,true,true,3.522
1785139080,BUY,Trendline,CHOCH,false,15908.4130,15882.8264,TP3,15989.8490,true,true,true,3.183
1785141600,BUY,Broken level,BOS,false,16053.4060,16027.5404,TP3,16132.0810,true,true,true,3.042
1785143160,BUY,Broken level,BOS,false,16132.0810,16107.9831,TP3,16205.0550,true,true,true,3.028
1785146400,BUY,Broken level,BOS,true,16354.0520,16328.4895,SL,16291.3700,false,false,false,-2.452
1785152580,BUY,Broken level,CHOCH,true,15907.8740,15882.3791,SL,15870.0460,false,false,false,-1.484
1785153000,BUY,Broken level,BOS,false,15937.7030,15908.5488,SL,15900.4850,false,false,false,-1.277
1785154800,BUY,Broken level,BOS,false,15969.4120,15942.1325,SL,15931.6260,false,false,false,-1.385
1785156600,BUY,Trendline,CHOCH,false,15936.8270,15911.3054,TP3,16019.8620,true,true,true,3.254
1785160620,BUY,Trendline,CHOCH,false,15895.3220,15867.0631,TP3,15985.4260,true,true,true,3.189
1785164760,BUY,Broken level,BOS,false,16078.9280,16048.6726,TP3,16174.9700,true,true,true,3.174
1785167760,BUY,Broken level,CHOCH,false,16145.0080,16111.9365,SL,16096.4160,false,false,false,-1.469
1785176280,BUY,Broken level,CHOCH,false,15735.9640,15710.3959,TP3,15853.1530,true,true,true,4.583
1785180120,BUY,Broken level,CHOCH,false,15861.0040,15832.7338,SL,15821.5600,false,false,false,-1.395
1785184920,BUY,Broken level,CHOCH,true,15804.1390,15772.1200,SL,15761.8930,false,false,false,-1.319
1785189240,BUY,Broken level,CHOCH,false,15592.0930,15565.5683,TP3,15686.5720,true,true,true,3.562
1785191580,BUY,Trendline,BOS,false,15787.7220,15760.5121,TP3,15871.1900,true,true,true,3.068
1785192780,BUY,Broken level,BOS,false,15935.8150,15903.1176,SL,15892.7600,true,false,false,-1.317
1785218640,SELL,Trendline,BOS,false,15553.5940,15581.4323,TP3,15465.0780,true,true,true,3.180
1785220260,SELL,Broken level,BOS,false,15415.9690,15443.7786,TP3,15326.2450,true,true,true,3.226
1785223140,SELL,Trendline,BOS,false,15345.9810,15373.8907,SL,15385.2050,true,true,false,-1.405
1785227340,SELL,Broken level,CHOCH,true,15268.8870,15295.6854,SL,15327.4310,true,false,false,-2.185
1785232140,SELL,Broken level,CHOCH,false,15325.9490,15351.0900,SL,15361.6800,false,false,false,-1.421
1785232740,SELL,Broken level,CHOCH,false,15312.9980,15342.1782,SL,15349.4860,true,false,false,-1.250
1785233760,SELL,Broken level,BOS,false,15248.5650,15284.8200,TP3,15105.7840,true,true,true,3.938
1785242880,SELL,Broken level,CHOCH,false,15218.3720,15249.0914,SL,15256.4700,true,false,false,-1.240
1785244680,SELL,Broken level,CHOCH,false,15226.8250,15255.4049,TP3,15140.3500,true,true,true,3.026
1785246780,SELL,Broken level,BOS,false,15092.8420,15119.1320,SL,15126.0480,true,false,false,-1.263
1785248880,SELL,Broken level,CHOCH,false,15031.4080,15057.8891,SL,15064.2010,false,false,false,-1.238
1785249300,SELL,Broken level,BOS,true,15033.5040,15061.4458,SL,15097.3620,true,false,false,-2.285
1785256260,SELL,Broken level,CHOCH,false,15093.7790,15119.7503,TP3,15011.4410,true,true,true,3.170
1785258600,SELL,Broken level,BOS,false,14870.3780,14895.3493,SL,14907.6600,false,false,false,-1.493
1785259140,SELL,Broken level,BOS,false,14826.8400,14857.5256,SL,14860.3600,true,false,false,-1.092
1785260340,SELL,Broken level,BOS,false,14775.0020,14802.8774,SL,14803.2480,false,false,false,-1.013
1785266460,SELL,Broken level,CHOCH,false,15015.5700,15043.4363,SL,15068.4390,true,true,false,-1.897
1785273480,SELL,Broken level,CHOCH,false,15134.9930,15160.6394,TP3,15039.1100,true,true,true,3.739
1785278520,SELL,Broken level,CHOCH,true,14989.4380,15015.3801,SL,15018.4000,false,false,false,-1.116
1785280020,SELL,Broken level,BOS,false,14867.5730,14892.4454,SL,14910.7940,false,false,false,-1.738
1785280500,SELL,Broken level,BOS,false,14841.0500,14868.5824,SL,14888.0310,true,false,false,-1.706
1785282120,SELL,Broken level,BOS,false,14846.6690,14868.5261,SL,14869.6080,false,false,false,-1.050
1785282840,SELL,Broken level,BOS,false,14829.3200,14855.0350,SL,14869.0400,true,true,false,-1.545
1785287580,SELL,Broken level,CHOCH,false,14951.5680,14981.4432,SL,14988.6220,false,false,false,-1.240
1785289680,SELL,Broken level,CHOCH,true,14945.2110,14973.8016,SL,14977.5880,false,false,false,-1.132
1785291900,SELL,Broken level,CHOCH,true,14928.0910,14953.6296,SL,14954.5920,false,false,false,-1.038
1785298200,BUY,Broken level,BOS,false,15271.8120,15241.8071,TP3,15379.0500,true,true,true,3.574
1785299580,BUY,Broken level,BOS,false,15425.9410,15402.4198,SL,15390.7610,true,false,false,-1.496
1785304860,BUY,Broken level,CHOCH,false,15426.0440,15398.1711,TP3,15510.9870,true,true,true,3.048
1785307980,BUY,Broken level,CHOCH,true,15542.4050,15516.0339,SL,15491.7170,false,false,false,-1.922
1785308940,BUY,Broken level,BOS,false,15545.7210,15517.5272,TP3,15635.9760,true,true,true,3.201
1785312960,BUY,Broken level,BOS,true,15671.0080,15645.3002,SL,15639.6000,false,false,false,-1.222
1785317700,BUY,Trendline,CHOCH,false,15536.5700,15508.9323,TP3,15625.7860,true,true,true,3.228
1785318720,BUY,Broken level,BOS,false,15713.3790,15685.5320,SL,15675.8750,false,false,false,-1.347
1785319500,BUY,Broken level,BOS,false,15745.9700,15715.1989,SL,15694.3520,false,false,false,-1.677
1785324480,BUY,Broken level,CHOCH,false,15619.0860,15590.8298,SL,15586.5700,false,false,false,-1.151
1785325800,BUY,Broken level,BOS,false,15644.9500,15616.4675,SL,15611.4560,false,false,false,-1.176
1785326220,BUY,Trendline,BOS,false,15633.6540,15604.9330,SL,15595.8680,true,false,false,-1.316
1785328320,BUY,Broken level,CHOCH,false,15700.2890,15670.0546,SL,15669.5150,false,false,false,-1.018
1785329640,BUY,Broken level,BOS,false,15725.8820,15695.5589,SL,15682.1600,false,false,false,-1.442
1785332220,BUY,Broken level,CHOCH,false,15766.2690,15739.2204,SL,15716.4660,false,false,false,-1.841
1785335280,BUY,Broken level,CHOCH,false,15692.3140,15664.1467,SL,15657.6710,false,false,false,-1.230
1785336180,BUY,Broken level,BOS,false,15713.2250,15687.9090,SL,15645.0860,false,false,false,-2.692
1785337860,BUY,Broken level,CHOCH,false,15733.3960,15702.6374,SL,15688.2170,true,false,false,-1.469
1785341520,BUY,Broken level,CHOCH,false,15614.3890,15589.4403,SL,15578.6860,false,false,false,-1.431
1785342780,BUY,Broken level,CHOCH,false,15542.0090,15513.3742,TP3,15633.0060,true,true,true,3.178
1785344460,BUY,Broken level,BOS,false,15733.7580,15700.1359,SL,15669.1090,false,false,false,-1.923
1785349200,BUY,Broken level,CHOCH,false,15553.1970,15526.0034,SL,15521.7480,false,false,false,-1.156
1785349980,BUY,Trendline,BOS,false,15549.4740,15524.0402,SL,15515.9920,false,false,false,-1.316
1785351300,BUY,Broken level,CHOCH,false,15497.7300,15469.3321,TP3,15608.2600,true,true,true,3.892
1785354840,BUY,Broken level,CHOCH,false,15557.7350,15533.5291,SL,15525.1520,false,false,false,-1.346
1785355860,BUY,Broken level,CHOCH,false,15573.8540,15546.9619,SL,15525.2830,false,false,false,-1.806
1785363360,BUY,Broken level,CHOCH,false,15359.2280,15327.9675,SL,15311.2240,false,false,false,-1.536
1785363900,BUY,Trendline,BOS,false,15356.4740,15327.0204,TP3,15448.0630,true,true,true,3.110
1785366720,BUY,Trendline,CHOCH,false,15449.7300,15422.7712,TP3,15565.7810,true,true,true,4.305
1785368160,BUY,Broken level,BOS,false,15598.7800,15576.1183,TP3,15671.0350,true,true,true,3.188
1785369780,BUY,Broken level,BOS,false,15777.0210,15747.4879,TP3,15867.8280,true,true,true,3.075
1785371400,BUY,Broken level,BOS,false,15916.3370,15890.4209,SL,15883.9280,false,false,false,-1.251
1785372360,BUY,Broken level,BOS,false,15948.6800,15922.6234,SL,15918.9890,false,false,false,-1.139
1785377760,BUY,Broken level,CHOCH,false,15808.5940,15778.5633,SL,15745.7050,false,false,false,-2.094
1785379140,BUY,Trendline,BOS,false,15761.9420,15732.0455,TP3,15851.9140,true,true,true,3.009
1785382500,BUY,Broken level,CHOCH,false,15881.2800,15854.6461,SL,15843.1650,false,false,false,-1.431
1785383400,BUY,Broken level,BOS,false,15919.5080,15890.4951,SL,15886.4880,false,false,false,-1.138
1785384420,BUY,Broken level,BOS,false,15949.3550,15925.6291,SL,15914.6510,true,false,false,-1.463
1785386880,BUY,Broken level,CHOCH,true,15983.5940,15955.2979,SL,15939.9280,false,false,false,-1.543
1785390240,BUY,Broken level,CHOCH,false,15915.9890,15885.6460,SL,15871.7930,false,false,false,-1.457
1785391680,BUY,Broken level,BOS,true,15957.1780,15926.0704,SL,15920.2490,false,false,false,-1.187
1785393420,BUY,Broken level,CHOCH,true,15976.7950,15944.1531,TP3,16076.0000,true,true,true,3.039
1785402180,BUY,Broken level,CHOCH,false,16001.9660,15975.4870,SL,15973.6030,false,false,false,-1.071
1785404700,BUY,Broken level,CHOCH,false,15997.3780,15970.9809,SL,15934.8120,false,false,false,-2.370
1785411660,BUY,Broken level,CHOCH,false,15515.8840,15487.8031,SL,15463.4440,true,false,false,-1.867
1785413700,BUY,Broken level,CHOCH,false,15578.8310,15545.4706,TP3,15684.2220,true,true,true,3.159
1785416100,BUY,Broken level,BOS,false,15693.7490,15663.8579,TP3,15822.6510,true,true,true,4.312
1785418200,BUY,Broken level,CHOCH,true,15828.5210,15800.2699,SL,15797.5410,false,false,false,-1.097
1785419940,BUY,Trendline,CHOCH,false,15642.1840,15610.3667,TP3,15747.3160,true,true,true,3.304
1785423780,BUY,Broken level,CHOCH,false,15550.3850,15521.5844,SL,15519.9330,true,false,false,-1.057
1785431760,BUY,Broken level,CHOCH,false,15397.9570,15373.8066,TP3,15473.2180,true,true,true,3.116
1785433020,BUY,Broken level,BOS,false,15495.5440,15468.5288,SL,15447.1160,true,false,false,-1.793
1785435540,BUY,Broken level,CHOCH,false,15525.1000,15497.5050,SL,15492.7550,true,true,false,-1.172
1785437040,BUY,Broken level,BOS,false,15598.6410,15570.1903,TP3,15700.0270,true,true,true,3.564
1785439980,BUY,Broken level,BOS,false,15790.0730,15760.0818,SL,15748.5290,true,false,false,-1.385
1785443700,BUY,Broken level,CHOCH,true,15732.2850,15705.5005,SL,15704.2400,true,true,false,-1.047
1785446400,BUY,Broken level,BOS,false,15719.4960,15692.6920,SL,15685.4720,false,false,false,-1.269
1785488700,SELL,Broken level,BOS,false,15641.2700,15669.9855,TP3,15540.7960,true,true,true,3.499
1785495960,SELL,Broken level,BOS,false,15315.3370,15343.0646,SL,15356.6660,false,false,false,-1.491
1785497220,SELL,Broken level,BOS,true,15308.6600,15337.6141,SL,15357.2520,false,false,false,-1.678
1785497700,SELL,Broken level,BOS,false,15291.4390,15318.9996,SL,15327.7810,false,false,false,-1.319
1785499860,SELL,Broken level,CHOCH,true,15284.6720,15318.1010,SL,15321.9880,false,false,false,-1.116
1785501840,SELL,Broken level,CHOCH,false,15462.7800,15490.9331,TP3,15378.1990,true,true,true,3.004
1785504360,SELL,Broken level,CHOCH,false,15388.9430,15417.5282,TP3,15294.4610,true,true,true,3.305
1785506040,SELL,Broken level,BOS,false,15282.3800,15314.3155,TP3,15183.8490,true,true,true,3.085
1785507960,SELL,Trendline,BOS,false,15074.6250,15099.2639,SL,15115.9680,false,false,false,-1.678
1785509640,SELL,Broken level,CHOCH,false,15101.1010,15132.0682,SL,15143.1380,false,false,false,-1.357
1785511680,SELL,Broken level,CHOCH,false,15112.8240,15142.7881,TP3,15005.4060,true,true,true,3.585
1785517440,SELL,Broken level,CHOCH,true,15067.7260,15099.0243,SL,15125.7130,false,false,false,-1.853
1785518400,SELL,Broken level,BOS,false,15052.0860,15077.1479,TP3,14969.3790,true,true,true,3.300
1785520500,SELL,Trendline,BOS,false,15000.1020,15025.5223,SL,15037.3630,true,false,false,-1.466
1785528360,SELL,Broken level,CHOCH,false,15221.5030,15256.8221,TP3,15108.7150,true,true,true,3.193
1785532980,SELL,Broken level,BOS,false,15070.6820,15096.3803,TP3,14970.8610,true,true,true,3.884
1785536520,SELL,Broken level,CHOCH,false,14947.7940,14977.1601,SL,14983.2130,false,false,false,-1.206
1785537480,SELL,Broken level,BOS,true,14925.7120,14948.6563,SL,15003.9300,false,false,false,-3.409
1785538800,SELL,Broken level,CHOCH,false,14888.7290,14914.8922,TP3,14804.1800,true,true,true,3.232
1785547020,SELL,Broken level,CHOCH,false,15014.7700,15040.7864,SL,15054.0750,true,false,false,-1.511
1785549660,SELL,Broken level,CHOCH,false,14986.4960,15018.3359,SL,15045.2990,true,false,false,-1.847
1785554880,SELL,Broken level,CHOCH,false,15195.6940,15221.7045,SL,15221.7220,true,true,false,-1.001
1785558600,SELL,Broken level,CHOCH,true,15195.3000,15221.6748,SL,15237.9440,true,false,false,-1.617
1785560040,SELL,Broken level,BOS,false,15130.8230,15160.7585,SL,15165.4210,false,false,false,-1.156
1785561780,SELL,Broken level,CHOCH,false,15126.8910,15152.7791,SL,15154.5970,true,true,false,-1.070
1785586860,BUY,Broken level,CHOCH,false,15255.6500,15229.3072,TP3,15358.5080,true,true,true,3.905
1785595740,BUY,Broken level,CHOCH,false,15034.9920,15004.7542,SL,14981.7670,false,false,false,-1.760
1785600600,BUY,Broken level,CHOCH,true,14873.2960,14846.8746,SL,14840.3840,false,false,false,-1.246
1785602700,BUY,Broken level,CHOCH,true,14882.2440,14858.3030,TP3,14955.0550,true,true,true,3.041
1785607380,BUY,Broken level,CHOCH,true,15025.4590,14997.9991,TP3,15118.1080,true,true,true,3.374
1785609300,BUY,Broken level,BOS,false,15193.8380,15166.4549,TP3,15288.5580,true,true,true,3.459
1785611520,BUY,Broken level,BOS,false,15319.1890,15289.7485,TP3,15408.7010,true,true,true,3.040
1785613500,BUY,Broken level,BOS,false,15468.1160,15435.3181,TP3,15576.0850,true,true,true,3.292
1785614880,BUY,Trendline,BOS,false,15559.3220,15531.0029,SL,15530.6240,true,false,false,-1.013
1785618600,BUY,Trendline,CHOCH,false,15492.3940,15464.4976,TP3,15576.3080,true,true,true,3.008
1785620280,BUY,Trendline,BOS,false,15599.4990,15574.4200,TP3,15700.3790,true,true,true,4.022
1785624660,BUY,Broken level,CHOCH,false,15694.8490,15665.9949,TP3,15798.2300,true,true,true,3.583
1785629040,BUY,Broken level,CHOCH,true,15773.2440,15746.5274,SL,15735.2860,true,false,false,-1.421
1785630360,BUY,Broken level,CHOCH,false,15774.9590,15741.7896,TP3,15887.7600,true,true,true,3.401
1785633000,BUY,Broken level,CHOCH,false,15920.9010,15893.4085,SL,15883.4840,true,false,false,-1.361
1785637320,BUY,Trendline,CHOCH,false,15730.4630,15708.4296,TP3,15808.0290,true,true,true,3.520
1785638820,BUY,Trendline,BOS,false,15829.0550,15800.5238,SL,15796.5690,true,true,false,-1.139
1785642960,BUY,Broken level,CHOCH,false,15876.3970,15845.5623,SL,15836.8690,false,false,false,-1.282
1785645060,BUY,Broken level,CHOCH,false,15840.8860,15813.0481,SL,15807.7860,true,true,false,-1.189
1785647460,BUY,Broken level,CHOCH,true,15928.4220,15905.6564,TP3,16024.9480,true,true,true,4.240
1785652500,BUY,Broken level,CHOCH,true,15962.4460,15934.5872,SL,15913.8920,false,false,false,-1.743
1785655440,BUY,Broken level,CHOCH,false,15846.1440,15817.0159,TP3,15934.2670,true,true,true,3.025
1785656640,BUY,Broken level,BOS,false,16003.9180,15977.7953,SL,15955.9140,true,false,false,-1.838
1785657900,BUY,Broken level,BOS,false,16042.4690,16012.9459,SL,16012.0100,false,false,false,-1.032
1785666180,BUY,Broken level,CHOCH,false,15483.5540,15452.9029,TP3,15580.8180,true,true,true,3.173
1785670200,BUY,Broken level,CHOCH,false,15397.2370,15371.7384,SL,15354.4450,false,false,false,-1.678
1785672840,BUY,Broken level,CHOCH,false,15189.9770,15162.8091,SL,15160.2800,false,false,false,-1.093
1785674280,BUY,Trendline,BOS,true,15160.4700,15137.1310,SL,15131.4350,true,true,false,-1.244
1785677460,BUY,Broken level,CHOCH,false,15093.7700,15066.4988,SL,15051.0660,false,false,false,-1.566
1785680820,BUY,Broken level,CHOCH,false,15060.6800,15031.0784,SL,15018.4230,false,false,false,-1.428
1785685320,BUY,Broken level,CHOCH,false,14965.9490,14940.7746,SL,14920.6650,false,false,false,-1.799
1785686100,BUY,Broken level,BOS,false,14968.3950,14939.0270,SL,14938.9680,false,false,false,-1.002
1785687840,BUY,Broken level,BOS,false,14985.3580,14957.0563,SL,14942.6780,false,false,false,-1.508
1785689820,BUY,Broken level,CHOCH,false,14964.6760,14940.4599,TP3,15039.6470,true,true,true,3.096
1785698220,SELL,Broken level,CHOCH,false,14713.1150,14742.8683,TP3,14608.2110,true,true,true,3.526
1785701700,SELL,Trendline,BOS,true,14599.0170,14626.9685,TP3,14514.6180,true,true,true,3.019
1785704520,SELL,Broken level,CHOCH,false,14544.0610,14565.3144,SL,14581.6330,true,false,false,-1.768
1785707340,SELL,Broken level,CHOCH,false,14687.7500,14720.0181,SL,14728.2400,true,false,false,-1.255
1785709200,SELL,Broken level,BOS,false,14671.2180,14696.5358,TP3,14590.0450,true,true,true,3.206
1785710760,SELL,Broken level,BOS,false,14560.2840,14587.3888,TP3,14478.4570,true,true,true,3.019
1785713820,SELL,Broken level,BOS,false,14405.9060,14436.5376,TP3,14293.7230,true,true,true,3.662
1785716100,SELL,Trendline,BOS,false,14324.6700,14348.1639,TP3,14233.6370,true,true,true,3.875
1785717780,SELL,Broken level,BOS,false,14103.0170,14125.9291,SL,14137.6710,false,false,false,-1.512
1785718860,SELL,Broken level,BOS,false,14046.3330,14070.3933,SL,14108.2740,false,false,false,-2.574
1785723120,SELL,Broken level,CHOCH,false,14108.4690,14133.6211,SL,14137.4630,false,false,false,-1.153
1785727140,SELL,Broken level,CHOCH,false,14228.5250,14255.6537,TP3,14137.7660,true,true,true,3.345
1785727920,SELL,Broken level,BOS,false,14129.8860,14157.2286,TP3,14036.4770,true,true,true,3.416
1785728520,SELL,Broken level,BOS,false,14039.4640,14066.2181,SL,14079.6400,true,false,false,-1.502
1785737880,SELL,Broken level,CHOCH,false,14260.0780,14285.1562,SL,14314.7250,false,false,false,-2.179
1785742260,SELL,Broken level,CHOCH,false,14270.3800,14296.0782,SL,14296.3030,false,false,false,-1.009
1785746220,SELL,Broken level,CHOCH,false,14272.9940,14297.9359,SL,14309.0760,false,false,false,-1.447
1785747600,SELL,Trendline,BOS,false,14321.7260,14345.5966,TP3,14244.1750,true,true,true,3.249
1785748560,SELL,Broken level,BOS,false,14220.7940,14244.6580,SL,14248.0330,false,false,false,-1.141
1785750900,SELL,Trendline,CHOCH,false,14369.9840,14393.4954,SL,14400.6120,true,false,false,-1.303
1785753480,SELL,Broken level,CHOCH,false,14334.8380,14359.1989,TP3,14256.2750,true,true,true,3.225
1785755280,SELL,Broken level,BOS,false,14190.1320,14215.2393,SL,14229.9100,false,false,false,-1.584
1785759960,SELL,Broken level,CHOCH,false,14295.0660,14315.0837,TP3,14225.8290,true,true,true,3.459
1785761880,SELL,Broken level,BOS,false,13990.7110,14020.0099,SL,14040.9650,false,false,false,-1.715
1785763500,SELL,Broken level,CHOCH,true,13967.9400,13994.1844,TP3,13886.9410,true,true,true,3.086
1785769440,SELL,Broken level,CHOCH,false,14054.4780,14074.5081,TP3,13975.3760,true,true,true,3.949
1785774120,SELL,Broken level,CHOCH,false,14035.0530,14053.6261,SL,14061.8380,true,false,false,-1.442
1785776100,SELL,Broken level,BOS,true,13991.7990,14017.0769,SL,14029.8490,true,false,false,-1.505
1785781980,SELL,Broken level,CHOCH,false,14205.0730,14230.8008,TP3,14125.9670,true,true,true,3.075
1785784260,SELL,Broken level,CHOCH,false,14152.4230,14179.4358,TP3,14058.8690,true,true,true,3.463
1785786480,SELL,Trendline,BOS,false,13970.0390,13997.1347,TP3,13850.5980,true,true,true,4.408
1785789600,SELL,Broken level,BOS,false,13779.7570,13806.5826,SL,13812.3220,true,false,false,-1.214
1785791820,SELL,Broken level,BOS,true,13721.0450,13749.5939,SL,13761.5620,false,false,false,-1.419
1785793800,SELL,Broken level,BOS,true,13684.0490,13708.8141,SL,13716.9060,false,false,false,-1.327
1785795960,SELL,Broken level,CHOCH,true,13675.5080,13699.3725,SL,13715.3470,false,false,false,-1.669
1785797280,SELL,Broken level,BOS,true,13671.1290,13696.1221,SL,13712.9150,false,false,false,-1.672
1785802140,SELL,Broken level,CHOCH,false,13739.8680,13764.2119,SL,13768.4280,false,false,false,-1.173
1785805380,SELL,Broken level,CHOCH,false,13904.8620,13926.4801,SL,13959.5220,false,false,false,-2.528
1785809340,SELL,Broken level,CHOCH,true,14057.3370,14078.8276,TP3,13984.9910,true,true,true,3.366
1785812940,SELL,Broken level,CHOCH,false,14014.4400,14040.2379,TP3,13928.2790,true,true,true,3.340
1785814680,SELL,Broken level,BOS,true,13909.4010,13934.9476,SL,13939.7030,true,false,false,-1.186
1785816720,SELL,Broken level,CHOCH,false,13895.3990,13918.7696,SL,13955.8500,true,true,false,-2.587
1785819300,SELL,Broken level,CHOCH,false,13847.2190,13872.1058,SL,13884.3760,true,false,false,-1.493
1785824040,SELL,Broken level,CHOCH,false,13884.9880,13919.2746,SL,13930.5150,true,false,false,-1.328
1785828060,SELL,Broken level,CHOCH,true,13881.1640,13909.9602,TP3,13786.3690,true,true,true,3.292
1785829080,SELL,Broken level,BOS,false,13771.0440,13793.0311,SL,13793.1700,true,false,false,-1.006
1785830520,SELL,Broken level,BOS,false,13734.3260,13760.0641,SL,13764.1330,false,false,false,-1.158
1785834120,SELL,Broken level,CHOCH,false,13823.2390,13851.2412,SL,13886.4210,false,false,false,-2.256
1785835620,SELL,Broken level,CHOCH,false,13871.2720,13896.1719,TP3,13789.6770,true,true,true,3.277
1785837000,SELL,Trendline,BOS,false,13790.7440,13815.3499,SL,13822.1180,false,false,false,-1.275
1785839580,SELL,Broken level,CHOCH,false,13725.9980,13754.6484,SL,13766.1210,false,false,false,-1.400
1785840960,SELL,Broken level,BOS,false,13755.7560,13779.7035,TP3,13677.5990,true,true,true,3.264
1785844200,SELL,Broken level,CHOCH,false,13662.3130,13687.4183,SL,13694.9490,true,false,false,-1.300
1785845460,SELL,Broken level,BOS,false,13647.5970,13671.1978,SL,13673.2920,false,false,false,-1.089
1785850680,SELL,Broken level,CHOCH,false,13536.8190,13564.8976,SL,13582.4220,false,false,false,-1.624
1785855660,SELL,Broken level,CHOCH,false,13768.3090,13792.3083,SL,13798.2040,false,false,false,-1.246
1785860580,SELL,Broken level,CHOCH,false,13861.6890,13888.2194,SL,13891.0910,false,false,false,-1.108
1785863520,SELL,Broken level,CHOCH,false,14034.8400,14060.3749,TP3,13952.9680,true,true,true,3.206
1785866940,SELL,Broken level,CHOCH,false,14006.4610,14027.3500,SL,14039.8360,false,false,false,-1.598
1785867840,SELL,Broken level,BOS,false,13985.8700,14009.9985,SL,14021.3780,false,false,false,-1.472
1785868740,SELL,Broken level,BOS,false,13965.4560,13992.8609,TP3,13878.6920,true,true,true,3.166
1785882960,BUY,Broken level,CHOCH,false,14105.2550,14079.0714,TP3,14195.4890,true,true,true,3.446
1785890100,BUY,Trendline,CHOCH,false,14123.3980,14100.4611,TP3,14215.9430,true,true,true,4.035
1785896100,BUY,Trendline,CHOCH,false,14134.2130,14109.1382,SL,14089.9780,false,false,false,-1.764
1785896520,BUY,Broken level,BOS,false,14187.1870,14158.6036,TP3,14277.2950,true,true,true,3.152
1785898740,BUY,Broken level,BOS,false,14432.9210,14408.0868,TP3,14526.4800,true,true,true,3.767
1785899880,BUY,Trendline,BOS,false,14528.5110,14505.1688,TP3,14605.8910,true,true,true,3.315
1785909720,BUY,Broken level,CHOCH,false,14402.9140,14375.0322,SL,14363.0870,false,false,false,-1.428
1785910380,BUY,Broken level,BOS,false,14425.7300,14401.9449,SL,14376.2350,true,false,false,-2.081
1785913140,BUY,Broken level,BOS,false,14434.9510,14409.6227,SL,14399.2790,false,false,false,-1.408
1785913500,BUY,Broken level,BOS,true,14451.2690,14424.3409,SL,14417.1170,false,false,false,-1.268
1785914880,BUY,Broken level,BOS,false,14465.9150,14441.8291,SL,14435.7510,true,false,false,-1.252
1785916860,BUY,Broken level,CHOCH,false,14522.5380,14492.1500,TP3,14647.4590,true,true,true,4.111
1785920460,BUY,Broken level,CHOCH,false,14713.4170,14690.8012,SL,14687.8640,true,false,false,-1.130
1785923580,BUY,Broken level,CHOCH,false,14682.0790,14657.4604,TP3,14768.3160,true,true,true,3.503
1785927300,BUY,Broken level,CHOCH,false,14689.1670,14661.2231,SL,14648.4860,false,false,false,-1.456
1785929280,BUY,Broken level,CHOCH,false,14570.8110,14540.5521,SL,14538.0630,false,false,false,-1.082
1785933420,BUY,Broken level,CHOCH,false,14488.7570,14460.9193,SL,14432.0480,false,false,false,-2.037
1785936240,BUY,Broken level,CHOCH,false,14482.4220,14457.3009,SL,14456.5300,false,false,false,-1.031
1785937440,BUY,Broken level,BOS,false,14524.9520,14501.5368,TP3,14629.4200,true,true,true,4.462
1785940620,BUY,Broken level,BOS,false,14668.4210,14643.7278,TP3,14744.6920,true,true,true,3.089
1785942420,BUY,Broken level,BOS,false,14738.7140,14711.2811,TP3,14824.0160,true,true,true,3.109
1785944940,BUY,Broken level,BOS,false,14837.6180,14811.7071,SL,14809.4140,true,false,false,-1.089
1785949020,BUY,Broken level,CHOCH,false,14766.2970,14742.8455,TP3,14847.5650,true,true,true,3.465
1785951840,BUY,Broken level,BOS,false,14833.7900,14808.2549,SL,14805.0500,true,false,false,-1.126
1785954000,BUY,Broken level,CHOCH,false,14806.7330,14775.6700,SL,14755.0800,false,false,false,-1.663
1785985560,SELL,Broken level,CHOCH,false,14513.4780,14537.1537,SL,14540.3410,false,false,false,-1.135
1785987960,SELL,Broken level,CHOCH,true,14476.1810,14504.0815,TP3,14390.5510,true,true,true,3.069
1785989340,SELL,Trendline,BOS,false,14388.2490,14412.9354,TP3,14312.5180,true,true,true,3.068
1785991020,SELL,Broken level,BOS,false,14314.7170,14340.1483,SL,14377.4130,true,true,false,-2.465
1785992820,SELL,Broken level,CHOCH,false,14245.0670,14270.4857,SL,14273.9160,false,false,false,-1.135
1785993240,SELL,Broken level,BOS,false,14238.0760,14262.8125,SL,14282.4160,false,false,false,-1.792
1785994500,SELL,Broken level,BOS,false,14228.0070,14252.5402,SL,14253.1370,true,false,false,-1.024
1785999660,SELL,Broken level,CHOCH,false,14476.1840,14504.6784,TP3,14379.2170,true,true,true,3.403
1786006140,SELL,Broken level,CHOCH,false,14453.0840,14478.9542,TP3,14364.3530,true,true,true,3.430
1786010940,SELL,Broken level,CHOCH,false,14407.2390,14433.7489,SL,14444.9960,false,false,false,-1.424
1786016580,SELL,Broken level,CHOCH,false,14670.2300,14697.6982,SL,14718.3320,false,false,false,-1.751
1786018320,BUY,Broken level,BOS,false,15011.2000,14982.2945,TP3,15113.8230,true,true,true,3.550
1786020780,BUY,Broken level,CHOCH,true,15121.9600,15095.7133,TP3,15202.6770,true,true,true,3.075
1786024560,BUY,Broken level,CHOCH,false,15336.5480,15308.9949,TP3,15422.1200,true,true,true,3.106
1786026720,BUY,Broken level,BOS,false,15436.2920,15407.8561,SL,15407.6530,true,false,false,-1.007
1786027980,BUY,Broken level,BOS,false,15495.7470,15465.8894,SL,15464.3660,false,false,false,-1.051
1786032600,BUY,Broken level,CHOCH,false,15448.7150,15423.6597,SL,15423.2880,false,false,false,-1.015
1786036320,BUY,Trendline,CHOCH,false,15403.7390,15378.2722,TP3,15483.9000,true,true,true,3.148
1786037520,BUY,Broken level,BOS,false,15535.9480,15503.0975,SL,15480.3400,true,false,false,-1.693
1786046520,BUY,Broken level,CHOCH,true,15247.4640,15221.7704,TP3,15326.2480,true,true,true,3.066
1786048200,BUY,Broken level,BOS,false,15339.5300,15312.4990,SL,15305.2080,true,false,false,-1.270
1786050300,BUY,Broken level,CHOCH,false,15339.3400,15311.2915,SL,15304.4790,false,false,false,-1.243
1786051020,BUY,Broken level,BOS,false,15373.4010,15342.7414,SL,15341.6520,false,false,false,-1.036
1786055100,BUY,Broken level,CHOCH,false,15467.0790,15435.3861,TP3,15571.0540,true,true,true,3.281
1786057500,BUY,Broken level,CHOCH,false,15684.7260,15660.0276,SL,15658.3070,false,false,false,-1.070
1786058820,BUY,Broken level,CHOCH,false,15725.1490,15698.4665,SL,15663.4660,false,false,false,-2.312
1786060140,BUY,Broken level,BOS,false,15741.9940,15714.3634,TP3,15853.0510,true,true,true,4.019
1786063080,BUY,Broken level,BOS,false,15898.1720,15868.1804,SL,15861.4350,false,false,false,-1.225
1786063500,BUY,Broken level,BOS,false,15908.0660,15879.2504,TP3,16024.1620,true,true,true,4.029
1786070340,BUY,Broken level,CHOCH,false,15853.1040,15824.7093,SL,15820.0590,false,false,false,-1.164
1786071900,BUY,Broken level,CHOCH,false,15864.2090,15835.2714,SL,15814.1030,false,false,false,-1.732
1786073400,BUY,Broken level,BOS,false,15831.8560,15804.5527,SL,15802.3770,false,false,false,-1.080
1786077000,BUY,Broken level,CHOCH,false,15777.6310,15752.2344,SL,15742.5240,false,false,false,-1.382
1786080240,BUY,Broken level,CHOCH,false,15708.7690,15681.2644,SL,15677.3430,false,false,false,-1.143
1786080780,BUY,Broken level,BOS,false,15718.3270,15691.0796,SL,15669.5990,false,false,false,-1.788
1786087680,BUY,Broken level,CHOCH,false,15450.6430,15426.2934,SL,15415.4270,true,true,false,-1.446
1786092840,BUY,Broken level,CHOCH,false,15343.4590,15312.0747,TP3,15455.5010,true,true,true,3.570
1786095120,BUY,Broken level,BOS,false,15467.8660,15441.6621,TP3,15548.0010,true,true,true,3.058
1786144560,SELL,Broken level,CHOCH,false,15327.8600,15357.2644,SL,15367.5410,false,false,false,-1.349
1786145160,SELL,Trendline,BOS,false,15320.5900,15348.3381,TP3,15233.2910,true,true,true,3.146
1786146960,SELL,Broken level,BOS,false,15206.7750,15235.9125,SL,15260.6640,false,false,false,-1.849
1786147560,SELL,Broken level,BOS,false,15157.5400,15188.2521,TP3,15055.5160,true,true,true,3.322
1786148820,SELL,Broken level,BOS,false,14952.9980,14981.7521,TP3,14858.0600,true,true,true,3.302
1786151280,SELL,Broken level,BOS,false,14839.3290,14866.2850,SL,14867.1220,true,true,false,-1.031
1786153320,SELL,Broken level,CHOCH,false,14825.4420,14855.2569,TP3,14731.9420,true,true,true,3.136
1786154580,SELL,Broken level,BOS,false,14709.2820,14733.2485,TP3,14633.3160,true,true,true,3.170
1786160100,SELL,Broken level,CHOCH,false,14771.9300,14798.7711,SL,14821.5940,false,false,false,-1.850
1786162140,SELL,Broken level,CHOCH,false,14730.2170,14758.0960,SL,14774.0720,true,false,false,-1.573
1786164000,SELL,Broken level,BOS,false,14715.4030,14741.9856,TP3,14620.9920,true,true,true,3.552
1786166160,SELL,Broken level,CHOCH,true,14572.9040,14596.8817,SL,14616.4510,false,false,false,-1.816
1786166880,SELL,Broken level,BOS,false,14553.7670,14579.4074,SL,14580.3770,false,false,false,-1.038
1786167720,SELL,Broken level,BOS,false,14528.5580,14554.0311,SL,14566.2850,false,false,false,-1.481
1786169460,SELL,Broken level,BOS,false,14554.8350,14579.7980,TP3,14479.4630,true,true,true,3.019
1786171380,SELL,Broken level,BOS,false,14342.5610,14367.6135,TP3,14258.8540,true,true,true,3.341
1786175280,SELL,Broken level,CHOCH,false,14306.0260,14332.3030,SL,14339.0480,false,false,false,-1.257
1786177380,SELL,Trendline,BOS,false,14391.1990,14416.1480,SL,14435.3750,true,false,false,-1.771
1786180560,SELL,Broken level,CHOCH,false,14470.4120,14498.1995,SL,14524.6010,false,false,false,-1.950
1786183260,SELL,Trendline,CHOCH,true,14489.2650,14512.4837,SL,14520.8060,true,false,false,-1.358
1786184700,SELL,Broken level,CHOCH,false,14421.3240,14449.8456,SL,14464.4190,false,false,false,-1.511
1786185660,SELL,Broken level,BOS,false,14399.9010,14428.0473,SL,14445.4670,false,false,false,-1.619
1786188600,SELL,Broken level,CHOCH,false,14420.3410,14447.3756,SL,14477.1770,false,false,false,-2.102
1786189500,SELL,Broken level,CHOCH,false,14380.9890,14410.5621,SL,14413.9610,false,false,false,-1.115
1786190940,SELL,Trendline,BOS,false,14373.2420,14400.7856,TP3,14277.5300,true,true,true,3.475
1786195560,SELL,Broken level,CHOCH,false,14216.0520,14244.2038,TP3,14086.4160,true,true,true,4.605
1786197480,SELL,Broken level,BOS,false,14046.9860,14074.2970,SL,14084.7010,false,false,false,-1.381
1786206300,SELL,Broken level,CHOCH,false,14322.1000,14347.6136,SL,14348.5380,false,false,false,-1.036
1786207200,SELL,Broken level,BOS,false,14276.8140,14299.9830,TP3,14202.1160,true,true,true,3.224
1786210380,SELL,Broken level,BOS,false,14158.5420,14182.5434,TP3,14086.0640,true,true,true,3.020
1786211640,SELL,Broken level,BOS,false,14074.2300,14097.5429,SL,14114.0590,false,false,false,-1.708
1786214280,SELL,Broken level,CHOCH,false,14035.9760,14062.9078,SL,14068.5780,false,false,false,-1.211
1786216500,SELL,Broken level,CHOCH,false,14114.4140,14142.3503,SL,14150.5900,false,false,false,-1.295
1786217640,SELL,Broken level,BOS,false,14089.0100,14118.4613,SL,14122.5840,true,false,false,-1.140
1786221960,SELL,Trendline,CHOCH,false,14277.2730,14301.4959,SL,14316.9300,true,false,false,-1.637
1786253520,SELL,Broken level,BOS,false,14071.7720,14097.4563,TP3,13983.5250,true,true,true,3.436
1786255380,SELL,Broken level,BOS,false,13972.0510,13995.2174,TP3,13885.8060,true,true,true,3.723
1786258080,SELL,Broken level,CHOCH,false,13765.8390,13790.3364,TP3,13677.5580,true,true,true,3.604
1786259880,SELL,Broken level,BOS,false,13669.6380,13693.8617,SL,13695.2980,false,false,false,-1.059
1786260360,SELL,Broken level,BOS,false,13635.1030,13658.7532,SL,13663.7450,false,false,false,-1.211
1786262100,SELL,Broken level,CHOCH,false,13627.6940,13655.3300,SL,13671.1800,false,false,false,-1.574
1786266180,SELL,Broken level,CHOCH,false,13658.3950,13680.2486,SL,13680.3240,true,false,false,-1.003
1786268340,SELL,Broken level,BOS,true,13604.4840,13631.1706,SL,13634.2680,false,false,false,-1.116
1786273680,SELL,Broken level,CHOCH,false,13714.6330,13738.0527,TP3,13620.6630,true,true,true,4.012
1786275240,SELL,Broken level,BOS,true,13605.2610,13629.7981,SL,13631.3010,true,false,false,-1.061
1786277340,SELL,Broken level,CHOCH,false,13552.9190,13576.7181,SL,13588.6620,false,false,false,-1.502
1786278480,SELL,Broken level,BOS,false,13531.1240,13554.5870,SL,13559.7450,false,false,false,-1.220
1786279620,SELL,Trendline,BOS,false,13531.2520,13555.8166,SL,13557.8480,true,false,false,-1.083
1786280340,SELL,Trendline,CHOCH,false,13493.1960,13519.2617,SL,13520.8340,false,false,false,-1.060
1786281840,SELL,Broken level,CHOCH,false,13475.8290,13500.5561,TP3,13394.7880,true,true,true,3.277
1786283760,SELL,Broken level,BOS,false,13342.2870,13365.5898,TP3,13258.8830,true,true,true,3.579
1786290000,SELL,Broken level,CHOCH,true,13280.5750,13302.9039,TP3,13210.4340,true,true,true,3.141
1786296060,SELL,Broken level,CHOCH,false,13567.0650,13590.8294,SL,13600.8160,true,true,false,-1.420
1786298160,SELL,Broken level,BOS,false,13486.8400,13513.4240,SL,13517.9810,false,false,false,-1.171
1786299360,SELL,Broken level,BOS,false,13483.6650,13510.4891,SL,13510.9040,true,true,false,-1.015
1786305000,SELL,Broken level,CHOCH,false,13618.2900,13642.2667,SL,13642.7070,true,false,false,-1.018
1786306440,SELL,Broken level,CHOCH,false,13634.0790,13657.6311,SL,13660.0480,false,false,false,-1.103
1786310400,SELL,Broken level,CHOCH,false,13667.8530,13698.6643,TP3,13575.0730,true,true,true,3.011
1786313880,SELL,Broken level,CHOCH,false,13636.5200,13664.4604,SL,13666.3840,true,false,false,-1.069
1786317180,SELL,Broken level,CHOCH,false,13696.7410,13722.0684,SL,13735.6210,true,false,false,-1.535
1786321020,SELL,Broken level,CHOCH,false,13906.1220,13935.6023,SL,13942.4990,false,false,false,-1.234
1786322340,SELL,Broken level,BOS,false,13792.8470,13818.4877,SL,13821.0380,false,false,false,-1.099
1786324260,SELL,Broken level,CHOCH,false,13788.0840,13812.1343,TP3,13714.2940,true,true,true,3.068
1786326300,SELL,Broken level,BOS,false,13621.3400,13650.4741,SL,13675.7300,false,false,false,-1.867
1786328880,SELL,Broken level,CHOCH,false,13667.7700,13692.4283,SL,13696.8130,false,false,false,-1.178
1786381500,BUY,Broken level,BOS,false,13991.3540,13968.6364,SL,13957.5780,false,false,false,-1.487
1786381860,BUY,Broken level,BOS,false,13990.8300,13965.6429,TP3,14070.6590,true,true,true,3.169
1786383240,BUY,Broken level,BOS,false,14080.7070,14058.0629,TP3,14164.8960,true,true,true,3.718
1786386360,BUY,Broken level,CHOCH,true,14179.4830,14151.5031,SL,14127.4840,false,false,false,-1.858
1786388280,BUY,Broken level,CHOCH,false,14119.2820,14092.7776,SL,14081.8820,false,false,false,-1.411
1786388940,BUY,Broken level,BOS,false,14138.5490,14111.9041,SL,14108.6420,false,false,false,-1.122
1786389720,BUY,Broken level,BOS,false,14180.7650,14158.7742,SL,14153.4040,false,false,false,-1.244
1786391820,BUY,Broken level,CHOCH,false,14093.9460,14067.5838,SL,14060.1630,false,false,false,-1.281
1786392300,BUY,Broken level,BOS,false,14100.4960,14073.6847,SL,14072.4960,false,false,false,-1.044
1786396140,BUY,Broken level,CHOCH,false,14054.4630,14031.6479,SL,14030.7730,true,false,false,-1.038
1786397340,BUY,Broken level,BOS,false,14100.9290,14075.0681,TP3,14184.2950,true,true,true,3.224
1786398660,BUY,Broken level,BOS,false,14231.2000,14206.9871,SL,14193.4250,false,false,false,-1.560
1786400100,BUY,Broken level,BOS,true,14251.1550,14227.8894,TP3,14326.6720,true,true,true,3.246
1786401180,BUY,Broken level,BOS,false,14418.3580,14392.1712,TP3,14533.3690,true,true,true,4.392
1786403580,BUY,Broken level,BOS,false,14607.0480,14580.6101,SL,14567.0200,false,false,false,-1.514
1786404840,BUY,Broken level,BOS,false,14633.7770,14608.6215,SL,14590.8670,false,false,false,-1.706
1786411080,BUY,Broken level,CHOCH,false,14448.4980,14425.5536,TP3,14520.0330,true,true,true,3.118
1786414680,BUY,Broken level,CHOCH,false,14555.2480,14528.0947,TP3,14644.3020,true,true,true,3.280
1786418220,BUY,Broken level,BOS,true,14642.7860,14619.8531,SL,14611.1190,false,false,false,-1.381
1786419300,BUY,Broken level,CHOCH,false,14685.1460,14657.1099,TP3,14799.0180,true,true,true,4.062
1786423740,BUY,Broken level,CHOCH,true,14835.6190,14808.0289,TP3,14920.6100,true,true,true,3.080
1786426380,BUY,Broken level,BOS,false,14954.6830,14930.1853,SL,14914.4880,false,false,false,-1.641
1786432020,BUY,Broken level,CHOCH,false,14873.6000,14847.6321,TP3,14960.8830,true,true,true,3.361
1786436640,BUY,Broken level,CHOCH,false,14931.6420,14906.4051,TP3,15016.1070,true,true,true,3.347
1786438620,BUY,Broken level,BOS,false,15065.0460,15038.1370,SL,15031.7140,false,false,false,-1.239
1786440720,BUY,Broken level,BOS,true,15196.7340,15169.1162,TP3,15283.1030,true,true,true,3.127
1786443600,BUY,Broken level,CHOCH,false,15240.1350,15212.0765,SL,15180.8410,false,false,false,-2.113
1786447560,BUY,Broken level,CHOCH,false,14982.7620,14957.3698,TP3,15061.5310,true,true,true,3.102
1786455660,BUY,Broken level,CHOCH,true,14893.9590,14868.0886,SL,14849.4870,false,false,false,-1.719
1786456080,BUY,Broken level,BOS,false,14917.3610,14891.5734,SL,14859.9620,false,false,false,-2.226
1786456860,BUY,Broken level,CHOCH,false,14931.3330,14907.8410,TP3,15013.8400,true,true,true,3.512
1786498020,BUY,Broken level,BOS,true,15273.9300,15247.1455,SL,15242.3320,false,false,false,-1.180
1786498980,BUY,Broken level,BOS,false,15304.7530,15279.2654,SL,15274.7820,true,true,false,-1.176
1786505760,BUY,Broken level,CHOCH,false,15087.7450,15061.2873,SL,15050.7640,false,false,false,-1.398
1786508640,BUY,Broken level,CHOCH,false,15028.4800,14999.8674,TP3,15120.9810,true,true,true,3.233
1786517820,BUY,Broken level,CHOCH,false,14943.1040,14916.5891,TP3,15030.5260,true,true,true,3.297
1786519080,BUY,Broken level,BOS,false,15042.9170,15015.3832,SL,15003.9100,false,false,false,-1.417
1786526220,SELL,Broken level,CHOCH,false,14736.4730,14766.0210,SL,14768.0640,true,false,false,-1.069
1786528380,SELL,Broken level,CHOCH,false,14752.5420,14777.5014,SL,14781.4050,true,false,false,-1.156
1786529640,SELL,Broken level,CHOCH,false,14685.6450,14715.7064,SL,14728.3900,false,false,false,-1.422
1786530120,SELL,Broken level,BOS,false,14684.7140,14715.0556,SL,14730.6210,true,false,false,-1.513
1786531860,SELL,Broken level,BOS,true,14640.3250,14668.9811,SL,14671.6040,true,false,false,-1.092
1786535880,SELL,Broken level,CHOCH,false,14704.5170,14727.4646,TP3,14633.6350,true,true,true,3.089
1786540080,SELL,Broken level,CHOCH,true,14657.8430,14684.3262,TP3,14577.5520,true,true,true,3.032
1786540800,SELL,Broken level,BOS,false,14529.1630,14555.3260,SL,14562.1130,false,false,false,-1.259
1786546980,SELL,Trendline,CHOCH,false,14694.3700,14718.0204,SL,14726.1520,true,false,false,-1.344
1786552800,SELL,Broken level,CHOCH,false,15075.4910,15099.2796,SL,15113.7830,true,true,false,-1.610
1786555680,SELL,Trendline,CHOCH,false,15041.7110,15069.2124,TP3,14959.0080,true,true,true,3.007
1786561380,SELL,Broken level,CHOCH,false,15093.7240,15122.6441,TP3,14999.3770,true,true,true,3.262
1786563960,SELL,Broken level,BOS,false,14942.6290,14966.5134,SL,14975.3330,false,false,false,-1.369
1786564500,SELL,Broken level,BOS,false,14892.4030,14921.6167,SL,14933.5460,false,false,false,-1.408
1786565340,SELL,Broken level,BOS,false,14894.7110,14922.9615,TP3,14794.2940,true,true,true,3.555
1786567680,SELL,Broken level,BOS,false,14700.6560,14727.3019,TP3,14615.7230,true,true,true,3.187
1786576980,SELL,Broken level,CHOCH,false,14970.3670,15001.3216,SL,15009.9620,true,false,false,-1.279
1786582800,SELL,Broken level,CHOCH,false,15240.1640,15267.8215,SL,15286.2440,false,false,false,-1.666
1786585500,SELL,Broken level,CHOCH,false,15306.8170,15332.5864,SL,15336.0710,false,false,false,-1.135
1786588560,BUY,Broken level,CHOCH,true,15387.2730,15361.2733,SL,15350.8040,false,false,false,-1.403
1786589820,BUY,Broken level,BOS,false,15419.8530,15394.1983,SL,15372.3660,true,true,false,-1.851
1786591020,BUY,Broken level,BOS,false,15502.1880,15470.5571,SL,15467.7050,false,false,false,-1.090
1786591440,BUY,Broken level,BOS,false,15514.6760,15484.4329,SL,15476.3820,false,false,false,-1.266
1786592040,BUY,Broken level,BOS,false,15525.4240,15499.9523,SL,15496.0680,false,false,false,-1.152
1786598160,BUY,Broken level,CHOCH,false,15599.8650,15572.3859,SL,15564.8410,true,false,false,-1.275
1786600620,BUY,Broken level,CHOCH,true,15664.3440,15634.3043,SL,15621.3220,true,true,false,-1.432
1786603440,BUY,Trendline,CHOCH,true,15698.9950,15674.4876,SL,15647.4770,false,false,false,-2.102
1786604460,BUY,Broken level,CHOCH,false,15735.3850,15704.7379,TP3,15830.7830,true,true,true,3.113
1786607280,BUY,Broken level,CHOCH,false,15795.7490,15764.5906,SL,15751.6330,true,false,false,-1.416
1786610820,BUY,Broken level,CHOCH,false,15774.5270,15744.2138,TP3,15871.7020,true,true,true,3.206
1786613100,BUY,Broken level,BOS,false,15989.7870,15954.5811,SL,15940.2660,true,true,false,-1.407
1786616760,BUY,Broken level,CHOCH,false,15928.5230,15897.9307,SL,15887.6290,false,false,false,-1.337
1786617300,BUY,Trendline,BOS,false,15922.1360,15891.7654,SL,15874.0110,false,false,false,-1.585
1786618680,BUY,Broken level,CHOCH,false,15895.7010,15860.7784,SL,15812.8100,false,false,false,-2.374
1786619700,BUY,Broken level,BOS,false,15872.0340,15847.2130,SL,15841.1790,false,false,false,-1.243
1786620480,BUY,Broken level,BOS,false,15880.5480,15854.0666,SL,15824.7810,false,false,false,-2.106
1786622640,BUY,Broken level,CHOCH,false,15886.5000,15852.9974,TP3,15987.1130,true,true,true,3.003
1786626660,BUY,Broken level,BOS,false,15987.1130,15956.1173,SL,15928.4080,true,true,false,-1.894
1786629900,BUY,Broken level,CHOCH,false,16010.4250,15980.7836,TP3,16115.6420,true,true,true,3.550
1786632600,BUY,Broken level,CHOCH,false,16074.6340,16045.9070,TP3,16167.7330,true,true,true,3.241
1786633920,BUY,Broken level,BOS,false,16229.7320,16202.1849,SL,16191.2650,true,false,false,-1.396
1786638660,BUY,Broken level,CHOCH,false,15990.0330,15958.8233,TP3,16096.4870,true,true,true,3.411
1786640160,BUY,Broken level,BOS,false,16144.7720,16117.6488,SL,16111.8590,false,false,false,-1.213
1786640580,BUY,Broken level,BOS,false,16158.9660,16132.4987,TP3,16240.9170,true,true,true,3.096
1786644180,BUY,Broken level,CHOCH,false,16232.9700,16202.6624,TP3,16324.4550,true,true,true,3.019
1786647300,BUY,Broken level,BOS,true,16505.0670,16474.3183,SL,16469.5310,true,false,false,-1.156
1786649100,BUY,Broken level,CHOCH,false,16510.8490,16480.4919,SL,16454.7420,false,false,false,-1.848
1786650540,BUY,Broken level,CHOCH,false,16536.6260,16505.2373,SL,16497.4130,true,false,false,-1.249
1786653480,BUY,Broken level,BOS,true,16589.7070,16560.0936,SL,16551.5140,true,false,false,-1.290
1786655580,BUY,Broken level,CHOCH,false,16650.5010,16618.3584,SL,16612.6260,true,false,false,-1.178
1786657920,BUY,Broken level,CHOCH,false,16658.6220,16627.0259,SL,16621.5300,true,false,false,-1.174
1786660620,BUY,Broken level,CHOCH,false,16606.2050,16575.4602,TP3,16705.1900,true,true,true,3.220
1786661880,BUY,Broken level,BOS,false,16762.3000,16733.4481,SL,16722.6750,false,false,false,-1.373
1786662300,BUY,Broken level,BOS,false,16772.0240,16746.7461,SL,16735.9730,false,false,false,-1.426
1786664640,BUY,Broken level,CHOCH,false,16794.6910,16767.8382,SL,16751.2530,false,false,false,-1.618
1786723380,BUY,Broken level,BOS,false,17004.5940,16974.7131,SL,16971.7260,true,false,false,-1.100
1786724640,BUY,Broken level,BOS,false,17019.6160,16993.1753,SL,16961.1530,true,false,false,-2.211
1786726500,BUY,Broken level,CHOCH,false,16952.4400,16921.5439,TP3,17045.8870,true,true,true,3.025
1786729020,BUY,Broken level,BOS,false,17051.9190,17022.5660,SL,17008.3230,false,false,false,-1.485
1786732260,BUY,Broken level,CHOCH,false,16869.8440,16838.5681,TP3,16978.6880,true,true,true,3.480
1786736100,BUY,Broken level,CHOCH,false,16936.2700,16900.5352,TP3,17062.9930,true,true,true,3.546
1786739040,BUY,Broken level,CHOCH,false,17075.2310,17041.4354,SL,17021.9280,false,false,false,-1.577
1786741620,BUY,Broken level,CHOCH,false,16985.8780,16949.8963,SL,16945.8240,false,false,false,-1.113
1786744980,BUY,Broken level,CHOCH,false,16976.3710,16948.6835,SL,16934.8580,true,false,false,-1.499
1786747020,BUY,Broken level,BOS,false,17042.7650,17014.3726,SL,16996.6530,false,false,false,-1.624
1786750980,BUY,Broken level,CHOCH,false,16955.2940,16926.5631,SL,16917.2700,false,false,false,-1.323
1786752420,BUY,Broken level,BOS,false,17004.9080,16974.9953,SL,16969.0460,false,false,false,-1.199
1786753980,BUY,Broken level,CHOCH,false,17016.8410,16986.3557,SL,16980.2720,false,false,false,-1.200
1786755360,BUY,Broken level,BOS,false,17018.7820,16989.1574,SL,16977.7170,false,false,false,-1.386
1786763820,BUY,Broken level,CHOCH,false,16537.3090,16506.9910,TP3,16645.3430,true,true,true,3.563
1786765380,BUY,Broken level,BOS,false,16674.0600,16646.5985,TP3,16769.7340,true,true,true,3.484
1786768080,BUY,Broken level,BOS,true,16780.3740,16752.6669,SL,16719.8630,true,true,false,-2.184
1786770780,BUY,Broken level,CHOCH,false,16785.7400,16755.1022,SL,16736.6000,false,false,false,-1.604
1786772760,BUY,Broken level,CHOCH,false,16746.1700,16717.6367,SL,16700.3120,false,false,false,-1.607
1786773480,BUY,Broken level,BOS,false,16749.7220,16723.3911,TP3,16851.5970,true,true,true,3.869
1786775160,BUY,Broken level,BOS,false,16902.3620,16868.2178,SL,16862.9220,false,false,false,-1.155
1786775760,BUY,Broken level,BOS,false,16928.5550,16901.8446,TP3,17016.4660,true,true,true,3.291
1786778220,BUY,Broken level,CHOCH,false,16938.6890,16908.9191,SL,16907.1870,false,false,false,-1.058
1786779360,BUY,Broken level,BOS,false,16986.7660,16958.3586,SL,16953.4690,true,false,false,-1.172
1786780680,BUY,Broken level,CHOCH,false,17037.7230,17007.9954,TP3,17126.9750,true,true,true,3.002
1786782900,BUY,Broken level,BOS,false,17144.6460,17118.0059,TP3,17230.6030,true,true,true,3.227
1786784280,BUY,Broken level,BOS,false,17236.3940,17202.9038,TP3,17359.0540,true,true,true,3.663
1786786260,BUY,Trendline,BOS,false,17318.5350,17290.5570,SL,17266.2510,false,false,false,-1.869
1786788480,BUY,Broken level,CHOCH,false,17334.7470,17303.1419,SL,17254.6190,false,false,false,-2.535
1786790820,BUY,Broken level,CHOCH,false,17258.9680,17228.7839,SL,17225.5080,true,false,false,-1.109
1786793520,BUY,Broken level,CHOCH,true,17243.2470,17215.2836,TP3,17340.9650,true,true,true,3.494
1786795560,BUY,Broken level,BOS,false,17548.7310,17514.9195,TP3,17654.4530,true,true,true,3.127
1786798980,BUY,Broken level,CHOCH,false,17630.5950,17600.6141,TP3,17726.3940,true,true,true,3.195
1786803000,BUY,Broken level,CHOCH,false,17770.2690,17738.2497,SL,17703.2340,true,false,false,-2.094
1786806480,BUY,Broken level,CHOCH,false,17453.5350,17422.3429,TP3,17548.3630,true,true,true,3.040
1786811580,BUY,Broken level,CHOCH,false,17341.1750,17311.8221,SL,17270.7430,false,false,false,-2.399
1786814820,BUY,Trendline,CHOCH,false,17275.9790,17242.9076,SL,17234.9920,false,false,false,-1.239
1786817820,BUY,Broken level,CHOCH,false,17280.0830,17247.0274,SL,17230.5330,false,false,false,-1.499
1786819800,BUY,Broken level,CHOCH,false,17252.1230,17221.5762,SL,17210.6680,false,false,false,-1.357
1786824900,BUY,Broken level,CHOCH,false,17208.5470,17178.5878,TP3,17316.0430,true,true,true,3.588
1786828200,BUY,Broken level,BOS,false,17371.3100,17345.2619,TP3,17455.4370,true,true,true,3.230
1786829400,BUY,Broken level,BOS,false,17451.6410,17414.9855,TP3,17577.9580,true,true,true,3.446
1786830780,BUY,Broken level,BOS,false,17669.2250,17633.1964,SL,17611.6670,false,false,false,-1.598
1786834260,BUY,Broken level,CHOCH,false,17666.3900,17632.6370,SL,17628.2480,true,false,false,-1.130
1786836420,BUY,Broken level,CHOCH,true,17708.6190,17678.1841,TP3,17805.1030,true,true,true,3.170
1786839540,BUY,Broken level,CHOCH,false,17682.2930,17653.2654,SL,17629.6130,false,false,false,-1.815
1786842300,BUY,Broken level,CHOCH,false,17650.7950,17620.0642,SL,17612.3760,false,false,false,-1.250
1786842960,BUY,Broken level,BOS,false,17680.9110,17650.1633,SL,17645.0450,false,false,false,-1.166
1786845120,BUY,Broken level,CHOCH,false,17737.2770,17706.1688,SL,17685.4300,true,false,false,-1.667
1786851780,BUY,Broken level,CHOCH,false,17537.6330,17506.4217,SL,17504.4330,true,true,false,-1.064
1786854240,BUY,Broken level,CHOCH,false,17585.6090,17555.0554,SL,17541.0160,true,true,false,-1.460
1786874760,BUY,Broken level,CHOCH,false,17761.2610,17731.5209,SL,17722.8290,false,false,false,-1.292
1786875540,BUY,Broken level,BOS,false,17770.3540,17743.3287,SL,17737.6180,true,false,false,-1.211
1786877340,BUY,Broken level,BOS,false,17805.3030,17776.7708,SL,17768.7260,false,false,false,-1.282
1786879320,BUY,Broken level,BOS,false,17975.1630,17940.7337,TP3,18079.3590,true,true,true,3.026
1786881600,BUY,Broken level,CHOCH,true,18145.5650,18115.6681,SL,18095.0650,false,false,false,-1.689
1786882080,BUY,Broken level,BOS,false,18160.2480,18127.7112,TP3,18264.9210,true,true,true,3.217
1786883400,BUY,Broken level,BOS,false,18301.8890,18269.8724,SL,18266.6910,true,false,false,-1.099
1786884780,BUY,Broken level,BOS,false,18365.8050,18327.7271,SL,18297.1580,false,false,false,-1.803
1786886340,BUY,Broken level,CHOCH,false,18268.2020,18240.4601,SL,18220.0230,false,false,false,-1.737
1786889580,BUY,Broken level,CHOCH,false,18209.1740,18177.5774,SL,18168.9810,false,false,false,-1.272
1786892340,BUY,Broken level,CHOCH,false,18398.6540,18368.7248,SL,18366.4290,false,false,false,-1.077
1786892880,BUY,Broken level,BOS,false,18424.1800,18393.2453,SL,18388.3190,true,false,false,-1.159
1786894200,BUY,Broken level,BOS,false,18447.0120,18414.6576,SL,18393.6040,false,false,false,-1.651
1786898460,BUY,Broken level,CHOCH,false,18208.2020,18176.0447,SL,18172.3460,true,true,false,-1.115
1786905240,BUY,Broken level,CHOCH,false,17943.6360,17910.6459,SL,17901.8130,false,false,false,-1.268
1786907460,BUY,Broken level,CHOCH,true,17992.2510,17954.6061,SL,17949.6780,false,false,false,-1.131
1786913280,BUY,Broken level,CHOCH,false,17871.9170,17839.3569,SL,17836.3000,false,false,false,-1.094
1786913940,BUY,Broken level,BOS,false,17897.2540,17865.2274,TP3,18026.6880,true,true,true,4.041
1786921440,BUY,Broken level,CHOCH,false,18112.9490,18084.9033,SL,18084.4330,false,false,false,-1.017
1786922280,BUY,Trendline,BOS,false,18113.0380,18082.0301,SL,18073.8430,false,false,false,-1.264
1786923240,BUY,Broken level,CHOCH,true,18149.7650,18117.1986,SL,18106.7400,false,false,false,-1.321
1786923660,BUY,Broken level,BOS,false,18153.2380,18119.9666,TP3,18254.0510,true,true,true,3.030
1786924800,BUY,Trendline,BOS,false,18261.5810,18227.6361,TP3,18375.0960,true,true,true,3.344
1786927080,BUY,Broken level,CHOCH,false,18345.8240,18308.1891,TP3,18465.3680,true,true,true,3.176
1786928580,BUY,Trendline,BOS,false,18464.8100,18429.9410,SL,18420.9970,false,false,false,-1.257
1786934640,BUY,Broken level,CHOCH,false,18296.0510,18259.9189,SL,18235.6730,false,false,false,-1.671
1786935840,BUY,Broken level,BOS,true,18357.6210,18327.7201,SL,18293.1700,true,false,false,-2.155
1786940460,BUY,Broken level,CHOCH,false,18233.9120,18201.2118,SL,18194.0150,false,false,false,-1.220
1786942380,BUY,Trendline,BOS,false,18213.1730,18180.6030,SL,18151.3820,true,true,false,-1.897
1786944900,BUY,Broken level,CHOCH,false,18232.4710,18204.4437,SL,18199.9850,false,false,false,-1.159
1786945620,BUY,Broken level,BOS,false,18263.7640,18230.9071,TP3,18382.3750,true,true,true,3.610
1786947840,BUY,Trendline,BOS,false,18416.9530,18385.5284,TP3,18514.1440,true,true,true,3.093
1786951020,BUY,Broken level,CHOCH,false,18335.5460,18302.9139,SL,18254.9710,false,false,false,-2.469
1786997340,BUY,Broken level,CHOCH,false,18518.1420,18488.4410,TP3,18639.4040,true,true,true,4.083
1786999860,BUY,Broken level,BOS,false,18807.2250,18772.2664,SL,18771.0210,false,false,false,-1.036
1787005620,BUY,Broken level,CHOCH,false,18571.4630,18536.6015,SL,18535.6150,false,false,false,-1.028
1787006760,BUY,Broken level,BOS,false,18614.9670,18579.7833,SL,18568.4180,false,false,false,-1.323
1787007420,BUY,Broken level,BOS,false,18689.6680,18649.3999,SL,18647.1130,true,false,false,-1.057
1787009160,BUY,Broken level,BOS,false,18730.8270,18701.2526,SL,18699.7480,true,false,false,-1.051
1787014500,BUY,Broken level,CHOCH,false,18318.4180,18288.1466,SL,18271.0400,false,false,false,-1.565
1787017140,BUY,Broken level,CHOCH,false,18257.0390,18225.6811,TP3,18365.8470,true,true,true,3.470
1787019060,BUY,Broken level,BOS,false,18453.1030,18421.1461,SL,18418.3930,false,false,false,-1.086
1787023920,BUY,Broken level,CHOCH,false,18308.5420,18273.0489,TP3,18431.7210,true,true,true,3.471
1787025000,BUY,Broken level,BOS,false,18449.2210,18417.5271,TP3,18558.7120,true,true,true,3.455
1787026800,BUY,Trendline,BOS,false,18698.0710,18662.6247,TP3,18807.4410,true,true,true,3.086
1787031660,BUY,Broken level,CHOCH,false,19044.9470,19008.4876,SL,19001.2050,true,false,false,-1.200
1787033820,BUY,Broken level,CHOCH,false,19027.7060,18992.2706,TP3,19141.6520,true,true,true,3.216
1787036460,BUY,Broken level,BOS,false,19351.6810,19315.2184,TP3,19474.1360,true,true,true,3.358
1787039880,BUY,Broken level,BOS,false,19364.4860,19333.1777,TP3,19492.0810,true,true,true,4.075
1787048880,BUY,Broken level,CHOCH,false,19116.4080,19080.7769,SL,19076.0570,false,false,false,-1.132
1787050500,BUY,Broken level,CHOCH,false,19083.4740,19050.0329,SL,19047.6580,false,false,false,-1.071
1787059560,BUY,Broken level,CHOCH,false,18824.8020,18795.1705,SL,18792.1070,false,false,false,-1.103
1787060160,BUY,Broken level,BOS,false,18838.0610,18804.0720,SL,18794.2900,false,false,false,-1.288
1787061360,BUY,Broken level,BOS,false,18862.0000,18831.8246,SL,18804.3680,true,false,false,-1.910
1787065200,BUY,Broken level,CHOCH,false,18547.2490,18508.1293,TP3,18709.8340,true,true,true,4.156
1787067420,BUY,Broken level,BOS,false,18832.7070,18792.1125,SL,18790.7680,false,false,false,-1.033
1787067900,BUY,Trendline,BOS,false,18825.4630,18789.3872,TP3,18939.0430,true,true,true,3.148
1787069280,BUY,Broken level,BOS,false,18939.0430,18906.7031,SL,18892.6340,true,true,false,-1.435
1787071440,BUY,Broken level,BOS,false,19045.6100,19013.3636,TP3,19165.4380,true,true,true,3.716
1787075040,BUY,Broken level,CHOCH,false,19000.0420,18957.5455,TP3,19128.5530,true,true,true,3.024
1787079360,BUY,Broken level,CHOCH,false,19132.6850,19099.3927,SL,19078.9510,false,false,false,-1.614
1787080860,BUY,Broken level,BOS,false,19171.0790,19134.4520,TP3,19283.4410,true,true,true,3.068
1787084700,BUY,Broken level,BOS,false,19364.8670,19326.2403,SL,19315.6120,false,false,false,-1.275
1787085480,BUY,Broken level,BOS,false,19399.6480,19361.2751,TP3,19528.6740,true,true,true,3.362
1787087760,BUY,Broken level,BOS,false,19565.5930,19531.5359,SL,19513.8500,false,false,false,-1.519
1787088600,BUY,Broken level,CHOCH,false,19586.7060,19551.2084,SL,19540.9240,true,false,false,-1.290
1787090580,BUY,Broken level,BOS,false,19622.7240,19591.1287,SL,19588.4200,false,false,false,-1.086
1787093880,BUY,Broken level,CHOCH,false,19509.0380,19477.4149,SL,19473.0550,true,true,false,-1.138
1787096400,BUY,Broken level,CHOCH,false,19559.1770,19523.6369,SL,19501.5480,false,false,false,-1.622
1787097900,BUY,Broken level,BOS,true,19570.1730,19533.1199,SL,19533.0540,false,false,false,-1.002
1787105640,BUY,Broken level,CHOCH,true,19339.5190,19301.3491,SL,19293.1810,false,false,false,-1.214
1787128200,BUY,Broken level,CHOCH,false,19697.4730,19660.1515,SL,19644.4230,true,false,false,-1.421
1787130420,BUY,Broken level,CHOCH,false,19771.2440,19738.3422,SL,19734.9140,true,true,false,-1.104
1787132940,BUY,Trendline,CHOCH,false,19735.6810,19696.9581,TP3,19856.5380,true,true,true,3.121
1787134500,BUY,Broken level,BOS,false,19856.5380,19824.1684,TP3,19977.1550,true,true,true,3.726
1787136000,BUY,Trendline,BOS,false,19969.1450,19932.9407,TP3,20110.0500,true,true,true,3.892
1787138760,BUY,Broken level,BOS,false,20222.2660,20187.2240,SL,20182.7120,true,false,false,-1.129
1787144940,BUY,Broken level,CHOCH,true,20161.7990,20123.5326,SL,20109.5230,false,false,false,-1.366
1787146800,BUY,Broken level,CHOCH,false,20178.6700,20140.3838,SL,20125.4020,true,true,false,-1.391
1787151420,BUY,Broken level,CHOCH,false,20131.2910,20100.6330,SL,20096.6320,false,false,false,-1.131
1787151900,BUY,Broken level,BOS,true,20136.3320,20103.9179,SL,20090.2550,true,true,false,-1.422
1787157060,BUY,Broken level,CHOCH,false,20061.8610,20028.6957,TP3,20177.6640,true,true,true,3.492
1787161500,BUY,Broken level,CHOCH,true,20188.3030,20152.4785,TP3,20299.0400,true,true,true,3.091
1787163840,BUY,Broken level,BOS,false,20316.2740,20282.6094,TP3,20431.2660,true,true,true,3.416
1787169840,BUY,Broken level,CHOCH,false,20221.0080,20181.0708,SL,20156.9370,true,false,false,-1.604
1787172240,BUY,Broken level,CHOCH,false,20309.9610,20275.4444,SL,20260.4660,true,true,false,-1.434
1787177820,BUY,Broken level,CHOCH,false,20002.2580,19962.7055,TP3,20124.8710,true,true,true,3.100
1787178900,BUY,Broken level,BOS,false,20137.3590,20097.0273,SL,20085.1360,false,false,false,-1.295
1787182260,BUY,Broken level,CHOCH,false,19938.5030,19900.3232,SL,19887.5090,true,true,false,-1.336